SourceID,Source,SourceType,Source_CN
1,Bai CH (2009) Studies on the Structure and Characteristics of Plant Communities in Northern Campus-for Campus of Hohhot city as Example. (Master’s thesis). Available from China Integrated Knowledge Resources database. (UDC: 630) ,Paper,"白春花. (2009) 北方高校校园绿地植物群落结构特征的研究—以呼和浩特市高校为例. (硕士论文, 内蒙古农业大学). "
2,Bai J. (2016) The Plants in Sichuan University. Beijing: Higher Education Press.,Book,白洁. (2016) 望江芳华—四川大学校园植物图谱. 北京: 高等教育出版社
3,Bai LH. (2012) The Plants in Inner Mongolia Zhalantun Forestry University,Book,白莲花. (2012) 内蒙古扎兰屯林业学校校园植物图鉴
4,"Bai Y (2017) Study on structure characteristics of artificial plant community in campus greenland of Tarim University. Tarim University, Xinjiang.",Paper,"白阳 (2017) 塔里木大学校园绿地人工植物群落结构特征研究. (硕士论文, 塔里木大学). "
5,"Cao CL, Jiang B, Cao Y, Han BQ. (2012) Avian resources and diversity distribution in the campus of Yangtze Normal University. Hubei Agricultural Sciences, 51, 4589–4591 + 4603.",Paper,"曹长雷, 蒋兵, 曹玉, 韩邦青. (2012) 长江师范学院校园鸟类群落及多样性分布. 湖北农业科学, 51, 4589–4591 + 4603."
6,"Cao JY, Liu SP, Bai CY et al. (2008) Primary Report of Present Situation of Woody Species in Yanan University. JOURNAL OF YANAN UNIVERSITY (NATURAL SCIENCE EDITION), 27, 71-76.",Paper,"曹娟云, 刘世鹏, 白重炎 等. (2008) 延安大学校园木本植物资源现状调查初报. 延安大学学报: 自然科学版, 27, 71-76."
7,"Chai SF (2008) Investigation on Plant Resources in Jinshanhu Campus of Huizhou University. JOURNAL OF HUIZHOU UNIVERSITY, 28, 26-32.",Paper,"柴素芬, 陈巧兰, 周钰婵. (2008) 惠州学院金山湖校区植物资源调查. 惠州学院学报, 28, 26-32."
8,Chen MC. (2013) Plant Guide of Jimei University Campus. Xiamen: Xiamen University Press.,Book,陈茂才. (2013) 树说集大之美-集美大学校园植物导览手册. 厦门: 厦门大学出版社.
9,"Chen SD, Guo KJ, Chen GY, Zhou CL. (2009) Investigation on bird diversity in campus of Sichuan Normal University. Journal of Anhui Agricultural Sciences, 37, 7484–7486.",Paper,"陈顺德, 郭克疾, 陈贵英, & 周成龙. (2009) 四川师范大学校园鸟类多样性调查. 安徽农业科学, 37, 7484-7486."
10,"Chen SH, Ding P, Zheng GM, Wang YJ (2005) Bird community patterns in response to the island features of urban woodlots in eastern China. Acta Ecologica Sinica. 25, 657-663.",Paper,"陈水华, 丁平, 郑光美, 王玉军. (2005) 园林鸟类群落的岛屿性格局. 生态学报, 25, 657-663."
11,"Chen ZL, Sun BR, Huang SY. (2006) A survey of the biological status in NCPES campus. Journal of Physical Education and Sports, 16, 203-225.",Paper,"陈正霖, 孙保瑞, 黄土怡. (2005) 国立体育学院校园动植物之调查. 体育学院论丛, 16, 203-225."
12,"Cheng W, Yu WY, Zhou MX, Ren YH, Zhu J, Cao Y, Wu XW, Li ZH. (2011) Study on diversity of bird in Jiangning Higher Education Mega Center. Journal of Anhui Agricultural Sciences, 39, 7807–7808.",Paper,"程伟, 虞蔚岩, 周梅仙, 任源浩, 朱杰, & 曹洋等. (2011) 南京江宁大学城校园鸟类多样性研究—以南京晓庄学院为例. 安徽农业科学, 39, 7807-7808."
13,"Dai XG, Li FL, Nan F, et al. (2013) Investigation and Analysis on Campus Greening Situation of Jianghan University. Journal of Jianghan University Natural Science Edition, 41, 104-112.",Paper,"戴希刚, 李方良, 南芳, & 陈卫红. (2013) 江汉大学校园绿化现状调查与分析. 江汉大学学报 (自然科学版), 41, 104-112."
14,"Deng CS (2012) Avian community of reed wetland in a riparian area in Taihu lake. Available from China Integrated Knowledge Resources database. (UDC, Q958.12).",Paper,"邓昶身. (2012) 苏州太湖湖滨带芦苇湿地鸟类群落研究. (硕士论文, 南京林业大学)."
15,"Du TK, Zhang N, Gao C. (2014) Species composition and diversity of bird community in the campus of Ningxia University. Journal of Agricultural Sciences, 35, 83–88.",Paper,"杜天奎, 张宁, & 高超. (2014) 宁夏大学校园鸟类群落组成及多样性研究. 农业科学研究, 35, 83-88."
16,"Duan HS, Zhao XX. (2014) Investigation of common birds resources in Jianghan University. Journal Jianghan University (Natural Sciences Edition), 42, 91–96.",Paper,"段海生 赵学迅. (2014) 江汉大学常见鸟类资源调查. 江汉大学学报:自然科学版, 42, 91-96."
17,"Duan ZZ (2016) Current Status of Development and Application Study of Landscape Woody Plants in Taiyuan College New Campus—Take Taiyuan University New Campus for Example. JOURNAL OF TAIYUAN UNIVERSITY (NATURAL SCIENCE EDITION). 34, 59-62.",Paper,"段兆忠. (2016) 太原高校新区园林木本植物的现状及应用研究—以太原学院新校区为例. 太原学院学报(自然科学版), 34, 59-62."
18,"Feng HY, Pan JB, An LZ. (2016) The Plants of Lanzhou University. Beijing: Higher Education Press.",Book,"冯虎元, 潘建斌, 安黎哲. (2016) 萃英草木. 北京: 高等教育出版社."
19,"Gao K. (2013) Investigation and Analysis of Plants on the Campus of Shanxi Datong University. Journal of Shanxi Datong University (Natural Science Edition), 29, 57-61.",Paper,"高昆. (2013) 山西大同大学校园植物调查与分析. 山西大同大学学报(自然科学版), 29, 57-61."
20,Gao XQ. (2017) The Actual Investigations and Evaluation Research of Plant Configuration in Xiamen Campus of Huaqiao Univeristy. (Master’s thesis). Available from China Integrated Knowledge Resources database.,Paper,"高小琴. (2017) 华侨大学厦门校区绿地植物配置实态调查与评价研究. (硕士论文, 华侨大学)."
21,"Guan SW, Teng LR. (2014) Flora of Jilin University. Jilin: Jilin University Press.",Book,"关树文, 滕利荣. (2014) 吉林大学校园植物志. 吉林: 吉林大学出版社."
22,"Guo CF, Xie Y, Zhang LM (2009) Analysis on the Greening Plant Configuration of Huainan Normal University. ANHUI AGRICULTURAL SCIENCE BULLETIN,15, 130, 184.",Paper,"郭春凤, 谢影, & 张立明. (2009) 淮南师范学院校园绿化植物配置浅析. 安徽农学通报, 15, 130, 184."
23,"Guo ML, Ren Q, Bai X et al. (2017) The Study on the species of Wood plants in the campus and its distribution. Journal of Jining Normal University,  39, 11-13+46.",Paper,"郭美兰, 任琴, 白雪, & 韩海霞. (2017) 校园木本植物种类与分布状况研究. 集宁师范学院学报, 39, 11-13+46."
24,"Guo X, Tang QX. (2015) Landscape evaluation of plant communities in Yanshan University based on AHP. Journal of Shandong Forestry Science and Technology, 45, 72-77.",Paper,"郭霞, & 汤巧香. (2015) 基于ahp的燕山大学校园植物群落景观评价. 山东林业科技, 45, 72-77."
25,"Guo Y, Zhang XM (2010) Preliminary Study on the Plant Configuration of University Campus—Taking the Jiulidi Campus of Southwest Jiaotong University as an Example. TECHNOLOGY AND MARKET, 17, 48-50.",Paper,"郭云, & 张学梅. (2010) 高校校园植物配置初探—以西南交通大学九里堤校区为例. 技术与市场, 17, 48-50."
26,"Guo YX, Li YW, Lu WY, et al. (2015) The investigation of plant diversity and its spatial distribution in the campus. Zhongguo Yuanyi Wenzhai, 9, 71-75.",Paper,"郭延雪, 李雨薇, 陆婉瑶, 雷蕾, & 黄体冉. (2015) 校园植物多样性调查及其空间布局. 中国园艺文摘, 9, 71-75."
27,"Han CM, Li LX, Lin YJ, et al. (2013) Survey of Plant Species on Chengdu Vocational College of Agricultural Science and Technology. Zhongguo Yuanyi Wenzhai, 5, 67-70. ",Paper,"韩春梅, 李龙秀, & 林依倔. (2013) 成都农业科技职业学院校园植物种类调查. 中国园艺文摘, 5, 67-70."
28,"Han GB, Xue HQ, Yuan GH, Hao YH. (1996) Report on the composition of birds in the campus of Shanxi Agricultural University. Journal of Shanxi Agriculture University, 2, 177–181 + 214.",Paper,"韩桂彪, 薛怀清, 原广华, & 郝映红. (1996). 山西农业大学校园鸟类初报. 山西农业大学学报, 2, 177–181 + 214."
29,"Han SM, Sun L, Li ZW. (2016) Configuration and Flora in University Campus:Taking Gu anglan Campus of East China Univresity of Technology as An Example. Acta Agriculturae Jiangxi, 28, 32-38.",Paper,"韩世明,孙丽,李志文,邓赞. (2016) 高校校园植物配置与区系分析—以东华理工大学广兰校区为例. 江西农业学报, 28, 32-38."
30,"He K, Huang JQ (2010) Investigation and Application Analysis of Woody Plants Variety on the Campus of Shanghai Institute of Technology. JOURNAL OF SHANGHAI INSTITUTE OF TECHNOLOGY(NATURAL SCIENCE), 10, 145-149.",Paper,"贺坤, & 黄清俊. (2010). 上海应用技术学院木本植物种类调查及应用分析.上海应用技术学院学报: 自然科学版, 10, 145-149."
31,"He LB, Zhao ZJ, Xie Dan. (2013) Investigation and Analysis on Plants in the Yuelu Academy and the Hunan Agricultural University. Central South Forest Inventory and Planning, 32, 49-51, 56.",Paper,"何丽波, 赵梓娟, & 谢丹. (2013) 岳麓书院与湖南农业大学绿化植物调查与分析. 中南林业调查规划, 32, 49-51, 56."
32,"Hou GM, Li HZ. (2012) Flora of Campus. Beijing: Beijing Insititute of Technology Press.",Book,"侯光明, 李和章. (2012) 校园植物志. 北京: 北京理工大学出版社."
33,http//wenku.baidu.com/view/1ae982768e9951e79b89279f.html,Research Report,http//wenku.baidu.com/view/1ae982768e9951e79b89279f.html
34,http://203.64.88.159/alumni/plant/,Online Database,http://203.64.88.159/alumni/plant/
35,http://biolab.ncst.edu.cn/NewClass.aspx?Id=18&&type=1,Online Database,http://biolab.ncst.edu.cn/NewClass.aspx?Id=18&&type=1
36,"http://biology.nsysu.edu.tw/files/14-1086-22412,r606-1.php?Lang=zh-tw",Online Database,"http://biology.nsysu.edu.tw/files/14-1086-22412,r606-1.php?Lang=zh-tw"
37,http://hqsz.ouc.edu.cn/hwlhzwk/,Online Database,中国海洋大学校园植物志 http://hqsz.ouc.edu.cn/hwlhzwk/
38,http://hyg.ycit.cn/plant/sort.asp?bigclassname=%D0%A3%D4%B0%D6%B2%CE%EF,Online Database,http://hyg.ycit.cn/plant/sort.asp?bigclassname=%D0%A3%D4%B0%D6%B2%CE%EF
39,http://ibi.cqupt.edu.cn/biodiversity,Online Database,重庆邮电大学校园生物多样性数据库 http://ibi.cqupt.edu.cn/biodiversity
40,http://life.nju.edu.cn/plantae/main.htm,Online Database,http://life.nju.edu.cn/plantae/main.htm
41,http://life.sjtu.edu.cn/lab/vegetable/xitong.html,Online Database,http://life.sjtu.edu.cn/lab/vegetable/xitong.html
42,http://lxy.sxau.edu.cn/list.jsp?urltype=tree.TreeTempUrl&wbtreeid=1032,Research Report,山西农业大学校园树木图谱 http://lxy.sxau.edu.cn/list.jsp?urltype=tree.TreeTempUrl&wbtreeid=1032
43,http://plant.hytc.edu.cn/checkResultView.aspx?plantName=&position=all,Online Database,http://plant.hytc.edu.cn/checkResultView.aspx?plantName=&position=all
44,http://plant.hzau.edu.cn/plantmap/keshu.aspx,Online Database,http://plant.hzau.edu.cn/plantmap/keshu.aspx
45,http://plant.yxnu.net/plant.php,Online Database,http://plant.yxnu.net/plant.php
46,http://plants.njfu.edu.cn/c60/index.html,Online Database,http://plants.njfu.edu.cn/c60/index.html
47,http://share.renren.com/229405403_17227864855,Ebook,同济大学校园植物图鉴 http://share.renren.com/229405403_17227864855
48,http://site.nsii.org.cn/api/site.ashx?a=website&id=ECNU#!8b1f0d13-7169-4b6d-90f9-0ced6194d629,Online Database,http://site.nsii.org.cn/api/site.ashx?a=website&id=ECNU#!8b1f0d13-7169-4b6d-90f9-0ced6194d629
49,http://site.nsii.org.cn/api/site.ashx?a=website&id=SYAU#!7184d7ed-0ce5-4cba-994a-9d4b225df193,Online Database,http://site.nsii.org.cn/api/site.ashx?a=website&id=SYAU#!7184d7ed-0ce5-4cba-994a-9d4b225df193
50,http://site.nsii.org.cn/api/site.ashx?id=GUES&a=home#!@PlantCulture,Online Database,http://site.nsii.org.cn/api/site.ashx?id=GUES&a=home#!@PlantCulture
51,http://site.nsii.org.cn/api/site.ashx?id=HeNU&a=home#!Home,Online Database,http://site.nsii.org.cn/api/site.ashx?id=HeNU&a=home#!Home
52,http://sky.scnu.edu.cn/life/teacher/linzm/scnuplant/,Online Database,http://sky.scnu.edu.cn/life/teacher/linzm/scnuplant/
53,http://swx.uzz.edu.cn/channel.asp?id=31,Online Database,http://swx.uzz.edu.cn/channel.asp?id=31
54,http://web3.fimmu.com/lnyzwzy/Content.asp?c=2&m=433,Online Database,南方医科大学广州校区植物名录. http://web3.fimmu.com/lnyzwzy/Content.asp?c=2&m=433
55,http://web3.fimmu.com/lnyzwzy/Content.asp?C=2&m=453,Online Database,南方医科大学顺德校区植物名录. http://web3.fimmu.com/lnyzwzy/Content.asp?C=2&m=453
56,http://wenku.baidu.com/link?url=8sJ3GJWeJrs-l_BhN4KA2LpG2e7lfO5V07WO6hbimTQQRoIYV9x3j3cIEDICGm1DCArJZljETNwsN3kHfwhMRz_5gt9Qz1l7j1URwuLwPPC,Ebook,http://wenku.baidu.com/link?url=8sJ3GJWeJrs-l_BhN4KA2LpG2e7lfO5V07WO6hbimTQQRoIYV9x3j3cIEDICGm1DCArJZljETNwsN3kHfwhMRz_5gt9Qz1l7j1URwuLwPPC
57,http://wenku.baidu.com/view/74bf81115f0e7cd1842536b0.html,Research Report,http://wenku.baidu.com/view/74bf81115f0e7cd1842536b0.html
58,http://wenku.baidu.com/view/fe6884ec551810a6f5248668.html,Research Report,http://wenku.baidu.com/view/fe6884ec551810a6f5248668.html
59,http://www.biolb.shu.edu.cn/Default.aspx?tabid=25672,Online Database,http://www.biolb.shu.edu.cn/Default.aspx?tabid=25672
60,http://www.book118.com/nongyegongye/html/463368.html,Ebook,http://www.book118.com/nongyegongye/html/463368.html
61,http://www.bst.nutn.edu.tw/chi/public_html/plant/all.htm,Online Database,http://www.bst.nutn.edu.tw/chi/public_html/plant/all.htm
62,http://www.cfh.ac.cn/subsite/default.aspx?siteid=zzuplant,Online Database,http://www.cfh.ac.cn/subsite/default.aspx?siteid=zzuplant
63,http://www.doc88.com/p-067195783209.html,Research Report,http://www.doc88.com/p-067195783209.html
64,http://www.doc88.com/p-1921921418162.html,Research Report,杭州师范大学校园植物志 (玉皇山校区) http://www.doc88.com/p-1921921418162.html
65,http://www.docin.com/p-168185119.html?docfrom=rrela,Research Report,武汉科技大学黄家湖校区植物志 http://www.docin.com/p-168185119.html?docfrom=rrela
66,http://www.docin.com/p-81699996.html,Research Report,南京师范大学仙林校区植物资源调查报告 http://www.docin.com/p-81699996.html
67,http://www.docin.com/p-886704388.html,Research Report,香港中文大學校園植物名錄 (A Checklist of 355 Plants at The Chinese University of Hong Kong) . http://www2.cuhk.edu.hk/GreenEducation/portals/0/content/plantslist.pdf
68,http://www.htu.cn/bhy/,Online Database,http://www.htu.cn/bhy/
69,http://www.nature.sdu.edu.cn/minglu.htm,Online Database,山东大学东区新校维管植物名录. http://www.nature.sdu.edu.cn/minglu.htm
70,http://www.nature-museum.net/campus/site/nwafu/Atlas/CampusFlora/bookindex.html,Online Database,西北农林科技大学校园植物图鉴 http://www.nature-museum.net/campus/site/nwafu/Atlas/CampusFlora/bookindex.html
71,http://www.nature-museum.net/subsite/default.aspx?siteid=zdzjghfx,Online Database,http://www.nature-museum.net/subsite/default.aspx?siteid=zdzjghfx
72,http://www.nature-museum.net/subsite/namelist.aspx?siteid=secretgarden,Online Database,http://www.nature-museum.net/subsite/namelist.aspx?siteid=secretgarden
73,http://www.nhcue.edu.tw/~u9216001/,Online Database,http://www.nhcue.edu.tw/~u9216001/
74,http://www.xkdplants.cn/,Online Database,http://www.xkdplants.cn/
75,http://www.xmuplant.cn/,Online Database,http://www.xmuplant.cn/
76,http://www.zmu.gd.cn/zww/index.html,Online Database,http://www.zmu.gd.cn/zww/index.html
77,http://www2.jxvtc.edu.cn/2009_wzbrow.asp?ID=33932,Online Database,http://www2.jxvtc.edu.cn/2009_wzbrow.asp?ID=33932
78,http://www2015.niu.edu.tw/property/saenhe/html/%E6%A0%A1%E5%9C%92%E6%A4%8D%E7%89%A9/%E6%A0%A1%E5%9C%92%E6%A4%8D%E7%89%A9.htm,Online Database,http://www2015.niu.edu.tw/property/saenhe/html/%E6%A0%A1%E5%9C%92%E6%A4%8D%E7%89%A9/%E6%A0%A1%E5%9C%92%E6%A4%8D%E7%89%A9.htm
79,http://www3.nccu.edu.tw/~joelien/plants.htm,Online Database,http://www3.nccu.edu.tw/~joelien/plants.htm
80,http://xy.scau.edu.cn/tree/default.asp,Online Database,http://xy.scau.edu.cn/tree/default.asp
81,http://zwzy.cenpar.cn/index.asp,Online Database,http://zwzy.cenpar.cn/index.asp
82,https://wenku.baidu.com/view/48f121dd680203d8ce2f246f.html?from=search,Research Report,https://wenku.baidu.com/view/48f121dd680203d8ce2f246f.html?from=search
83,https://wenku.baidu.com/view/5393b777bd64783e09122b8a.html?from=search,Research Report,浙江师范大学校园常见种子植物检索表 (草表) https://wenku.baidu.com/view/5393b777bd64783e09122b8a.html?from=search
84,https://wenku.baidu.com/view/6cc1eb04844769eae009ed1e.html?from=search,Research Report,西南林业大学校园植物分布图 https://wenku.baidu.com/view/6cc1eb04844769eae009ed1e.html?from=search
85,https://wenku.baidu.com/view/9a9d5281cc22bcd126ff0c80.html?re=view,Research Report,云南农业大学校园植物志 https://wenku.baidu.com/view/9a9d5281cc22bcd126ff0c80.html?re=view
86,https://wenku.baidu.com/view/9d465560a76e58fafbb00339.html,Research Report,中国药科大学江宁校区校园植物名录. https://wenku.baidu.com/view/9d465560a76e58fafbb00339.html
87,https://wenku.baidu.com/view/b206cd986bec0975f465e257.html?re=view,Research Report,青农大校园植物 https://wenku.baidu.com/view/b206cd986bec0975f465e257.html?re=view
88,https://wenku.baidu.com/view/e175c43f376baf1ffc4fadc5.html,Research Report,河南农业大学校园植物志 https://wenku.baidu.com/view/e175c43f376baf1ffc4fadc5.html
89,https://www.taodocs.com/p-140661872.html,Research Report,温州大学南校区绿化植物的调查及评价
90,"Hu JM, Ding ZF, Wang L, Yang DD, Hu HJ (2017) Seasonal and spatial variation in bird diveristy in urban green space of Guangzhou city, China. Chinese Journal of Wildlife. 38, 044-051.",Paper,"胡君梅; 丁志锋; 王玲; 杨道德; 胡慧建. (2017) 广州城市绿地鸟类物种多样性的时空变化. 野生动物学报, 38, 044-051."
91,"Hu X (1996) The Content of seed plant in my school. Journal of Huaihua Teachers College, 25, 170-174.",Paper,"胡兴. (1996) 我校校园种子植物名录. 怀化师专学报, 15, 170-170."
92,"Hu YM, Zhao Q, Chen ZB, Chen L. (2005) Investigation of the Woody Plant in Jinhua College of Profession and Technology. JOURNAL OF JINHUA COLLEGE OF PROFESSION AND TECHNOLOGY, 5, 23-28",Paper,"胡玉敏, 赵青, 陈志斌, & 陈玲 (2005). 金华职业技术学院校园木本植物资源调查.金华职业技术学院学报, 5, 23-28."
93,"Huang FX, Zhang J, Zhou CY, Yang CD. (2014)  Plant Directory of East Campus in Yangtze University. Journal of Yangtze University (Natural Science Edition), 11, 7-14,18.",Paper,"黄芬肖, 张建, 周存宇, & 杨朝东 (2014). 长江大学东校区校园植物名录. 长江大学学报(自科版), 11, 7-14, 18."
94,"Huang QC (2006) Tentative Investigation on Kinds of Woody Plants and their Medical Value on Campus of Nanning Teachers College. JOURNAL OF NANNING TEACHERS COLLEGE, 23, 85-89",Paper,"黄秋婵. (2006). 南宁师专校园木本植物种类及其药用的初步调查. 南宁师范高等专科学校学报, 23, 85-89."
95,"Huang XH, Kong XK, Wu YS, Zhong FS, Peng N. (2014) Avian community structure and diversity of Jiaying University. Journal of Jiaying University (Natural Science), 32, 82–86.",Paper,"黄勋和, 孔祥康, 王永树, 钟福生, 彭娜 等. (2014) 嘉应学院校园鸟类群落结构及多样性分析. 嘉应学院学报, 32, 82-86."
96,"Huang XJ, Kang YT, Fang SY, Zhang HJ, Chen ZZ (2018) Investigation and Analysis of Woody Plants in WuYi University. Xiandai Horticulture, 1, 13-15.",Paper,"黄小巾, 康远腾, 方双艳, 张华钰, & 陈真真. (2018) 武夷学院校园人工木本植物现状调查与分析. 现代园艺, 1, 13-15."
97,Huang Y (2017) Research on Plant Landscape Transfromation of Guangxi Normal Univeristy Yanshan Campus. (Master’s thesis). Available from China Integrated Knowledge Resources database.,Paper,"黄扬. 广西师范大学雁山校区植物景观改造研究. (硕士论文, 广西大学)."
98,"Huang ZH, Liu B, Luo SX, Xiao YA, Long J, Chen PJ, Chen D, Xi ZF. (2006) Primary investigation of birds in campus of Jinggangshan University. Journal of Jinggangshan University (Natural Sciences), 27, 13–15 + 20.",Paper,"黄族豪, 刘宾, 罗水香, 肖宜安, 龙进, & 陈佩君等. (2006). 井冈山学院校园鸟类多样性初步调查. 井冈山大学学报:自然科学版, 27, 13–15 + 20."
99,"Hui WS, Guan NN, Chi Q (2014) Survey of Plant Species of Yuzhong Campus of Northwest University for Nationalities. Journal of Northwest University for Nationalities (Natural Science), 35, 35-39.",Paper,"惠文森, 冠宁宁, & 迟强. (2014) 西北民族大学榆中校区校园植物种类调查. 西北民族大学学报(自然科学版), 35, 35-39."
100,Ji CF. (2015) Campus Vascular Plant Directory of Jiangxi Agricultural University. Jiangxi: Jiangxi Science & Technology Publishing House.,Book,季春峰. (2015) 江西农业大学校园维管植物名录. 江西: 江西科学技术出版社.
101,"Jiang AW, Yu JJ, Yang L, Liu WZ. (2009) A primary survey into avifauna on campus of Hechi University. Journal of Hechi University, 29, 69–75.",Paper,"蒋爱伍, 于家捷, 杨浪, 刘万钊 等. (2009). 河池学院校园鸟类初步调查. 河池学院学报, 29 , 69-75."
102,"Jiang y, Xiao X, Liu ZL et al. (2013) Key of wood species on Changli Campus in Hebei Normal University of Science & Technology. Hebei Journal of Forestry and Orchard Research, 28, 422-426",Paper,"蒋园, 肖啸, 刘振林, 龙茹, 孟宪东, & 徐兴友等. (2013) 河北科技师范学院昌黎校园木本植物检索表. 河北林果研究, 28, 422-426."
103,"Jin YH, Cui YN, Ren YL. (2012) Campus diversity of plants in Yanbian University. Journal of Agricultural Science Yanbian University, 34, 256-261.",Paper,"金英花, 崔永男, & 任云龙. (2012) 延边大学校园植物多样性调查. 延边大学农学学报, 34, 256-261."
104,"Jin YL, Niu LD, Wang P et al. (2012) QIYUAN CAMPUS GREEN PLANT RESEARCH OF YUNNAN NORMAL UNIVERSITY. YUNNAN GEOGRAPHIC ENVIRONMENT RESEARCH, 22, 27-32.",Paper,"金远亮，牛乐德，王平 等. (2012) 云南师范大学启园绿地植物资源调查评价. 云南地理环境研究, 22: 27-32．"
105,"Jing DD, Wang XJ, Jing HY, Zhou ZF (2016) Birds species diversity in autumn and winter in Fenhe river wetland park of Taiyuan city. Journal of Anhui Agriculture Science. 44, 18-21.",Paper,"景东东, 王晓军, 景慧玉, & 周哲峰. (2016) 太原汾河湿地公园秋冬季鸟类多样性调查. 安徽农业科学, 44, 18-21."
106,"Jing YL, Liu F, Yang FJ, Wang HY (2010) Survey and Analysis of Campus Vegetative Landscape in Heilongjiang August First Land Reclamation. HEILONGJIANG AGRICULTURAL SCIENCES, 1, 59-61.",Paper,"景艳莉, 刘芳, 杨凤军, & 王洪义. (2010). 黑龙江八一农垦大学校园木本植物调查与景观评析. 黑龙江农业科学, 1, 59-61."
107,"Kou HH, Zhang CW, Li QJ, Gu BT, Wang S. (2016) The species diversity and seasonal dynamic changes of birds in Anhui Science and Technology University. Journal of Anhui Science and Technology University, 30, 36–41.",Paper,"寇辉辉, 张财文, 李清君, 顾彬涛, & 王松. (2016). 安徽科技学院校园鸟类多样性及季节动态变化. 安徽科技学院学报, 30, 36–41."
108,"Kou SQ, Yao ZY, Zhao XN, Liu YY. (2010) Bird diversity and habitat characteristics in campus of Northwest A&F University. Acta Agriculturae Boreali-occidentalis Sinica, 19, 27–31.",Paper,"寇世强, 姚正阳, 赵小妮, & 刘远义. (2010) 西北农林科技大学校园鸟类多样性及栖息地特征. 西北农业学报, 19, 27-31."
109,Leng B. (2008) The Investigation and Evaluation on Green Space System in College Campuses of Nanning. (Master’s thesis). Available from China Integrated Knowledge Resources database.,Paper,"冷冰. (2008). 南宁市高校校园绿地系统结构分析及评价. (硕士论文, 广西大学)."
110,"Leng JM, Yu WL, Liu Y et al. (2016) Species Composition and Ecological Structure of Woody Plant Community in Yili Normal University. Journal of Ili Normal University (Natural Science Edition), 10, 51-56.",Paper,"冷家明, 于玮利, 刘宇, & 赵玉. (2016). 伊犁师范学院校园木本植物群落的物种组成及其生态结构. 伊犁师范学院学报 (自然科学版), 10, 51-56."
111,"Li B (2009) Study on Plant Landscaping of Nanyang Normal Univeristy Campus. Henan Agricultuarl Univeristy, Hehan.",Paper,"李兵. (2010) 南阳师院校园植物造景研究. (硕士论文, 河南农业大学)."
112,"Li DP, Zhu FQ, Huang L (2010) A preliminary study on the avian diversity of Erhai Park in spring. Journal of Dali University. 9, 70-72.",Paper,"李德品, 朱付强, & 黄磊. (2010). 大理洱海公园春季鸟类多样性初步研究. 大理学院学报:综合版, 9, 70-72."
113,"Li GY, Chen JY (2007) List of Botanical Gardens in Zhejiang A&F University. Beijing: China Forestry Publishing House.",Book,"李根有, 陈敬佑. (2007) 浙江林学院植物园植物名录. 北京: 中国林业出版社."
114,"Li H, Hong YM, Zou FS, Zhang Q, Huang JH (2008) Bird diversity and seasonality in urban parks of Guangzhou. Zoological Research, 29, 203-211.",Paper,"李慧, 洪永密, 邹发生, 张强, & 黄俊辉. (2008). 广州市中心城区公园鸟类多样性及季节动态. 动物学研究, 29, 203-211."
115,"Li H, Zhou Y. (2015) Flora of Fudan Univeristy. Shanghai: Fudan University Press.",Book,"李辉, 周晔. (2015) 复旦校园植物图志. 上海: 复旦大学出版社."
116,"Li HQ, Wang GZ, Gao S (2012) Investigation on seed plants in Inner Mongolia University of Science and Technology. Journal of Inner Mongolia University of Science and Technology, 31, 402-406, 412.",Paper,"李昊虬, 王国泽, & 高山. (2012) 内蒙古科技大学种子植物调查. 内蒙古科技大学学报, 31, 402-406."
117,"Li J. (2015) Research on improvement and reconstruction of campus landscape of Yueyang Vocational Technical College. Hunan Agricultural University, Hunan.",Paper,"李静. (2015). 岳阳职业技术学院校园植物景观提质改造研究. (硕士论文, 湖南农业大学)."
118,"Li JC (2013) Analysis of Ningbo City College of woody plant resources Investigation and arrangement of landscape in Campus. Journal Ningbo City College of Vocational Technology, 8, 67-76.",Paper,"李金朝. (2013) 宁波城市学院溪口校区木本植物资源现状调查与园林配置分析. 宁波城市职业技术学院学报, 8, 67-76."
119,"Li JG, Du YW, Hao L. (2004) Investigation of birds in campus of Shaanxi Normal University. Journal of Shaanxi Normal University (Natural Science Edition), 32, 82–85.",Paper,"李金钢, 杜央威, & 郝琳. (2004). 陕西师范大学校园鸟类调查. 陕西师范大学学报:自然科学版, 32, 82-85."
120,"Li Na, Guo F. (2015) Plant diversity and countermeasures of east campus of Agricultural University of Hebei. Journal of Forestry and Orchard Research, 30, 363-368.",Paper,"李娜, & 郭峰. (2015) 河北农业大学东校区植物多样性分析及改善对策. 河北林果研究, 30, 363-368."
121,"Li QQ et al. (2015) Investigtion on Vascular Plant in Saihan Campus of Inner Mongolia Normal University. JOURNAL SHANXIAGRIC. UNIVERSITY. (Natural Science Edition), 35, 179.",Paper,"李琴琴, 哈斯巴根, 苏亚拉图, & 张志平. (2015) 内蒙古师范大学赛罕校区校园维管植物的调查研究. 山西农业大学学报 (自然科学版), 35, 179."
122,"Li RY (2001) Survey on bird in the Diaoqiao park in Inner Mongolia. Journal of Inner Mongolia Normal Univeristy (Natural Science Edition) 30, 61-65.",Paper,"李如意. (2001). 吊桥公园的鸟类调查. 内蒙古师范大学学报 (自然科学版), 30, 61-65."
123,"Li S, Zhang DF, Huang K, Cao S, Liu SL. (2010) Study of the avian community in Jiang’an campus of Sichuan University. Sichuan Journal of Zoology, 29, 249–254.",Paper,"李偲, 张敦房, 黄科, 曹森, & 刘绍龙. (2010). 四川大学江安校区鸟类调查. 四川动物, 29, 249-254."
124,"Li SB, Li CM. (2014) Avian resources on the campus of Yangtze University. Journal of Yangtze University (Natural Science Edition), 11, 45–49 + 67 + 7.",Paper,"李少斌, 李重谋 等. (2014) 长江大学校园鸟类资源调查. 长江大学学报 (自然科学版), 11, 45–49 + 67 + 7."
125,"Li SH, Liu JF, Lan SR, Wang WH. (2014) Diversity characteristics of bird species in campus of Fujian Agriculture and Forestry University. Wuyi Science Journal, 30, 1–8.",Paper,"黎思涵, 刘金福, 兰思仁, & 王文辉. (2014). 福建农林大学校园鸟类种类的多样性特征. 武夷科学, 30, 1–8."
126,"Li WL, Chen H, Liu RL. (2012) Analysis on Characteristics of Diversity of Woody Plants Resource in Huangjin Campus of Gannan Normal University. Plants Resource in Huangjin Campus of Gannan Normal University, 30, 140-151.",Paper,"李卫亮, 陈慧, & 刘仁林. (2012) 赣南师范学院黄金校区木本植物多样性特点分析. 江西科学, 30, 140-151."
127,"Li Y, Zhou Y. (2012) Investigation and evaluation of the greening plants in Nanhu campus of CUMT. Journal of Jiangsu Forestry Science & Technology, 39, 21-28.",Paper,"李勇, & 周跃. (2012) 中国矿业大学南湖校区绿化植物调查与评价. 江苏林业科技, 39, 21-28."
128,"Li YD, Liu PY, Gong XS, Xiao XJ (2013) Bird species diversity and related protection measures in urban park green spaces of Loudi city, Hunan province of China. Chinese Journal of Applied Ecology. 24, 2333-2338.",Paper,"李益得, 刘平原, 龚洵胜, & 肖小军. (2013) 湖南娄底市城区公园绿地鸟类物种多样性及保护对策. 应用生态学报, 24, 2333-2338."
129,"Li YG, Li ZG (2011) Analysis of the bird communities and diversity of the wetland park of Mingcui Lake in Ningxia. Journal of Ningxia Univeristy (Natural Science Edition). 32, 279-285.",Paper,"李元刚, & 李志刚. (2011) 宁夏鸣翠湖国家湿地公园鸟类群落组成及多样性分析. 宁夏大学学报 (自然科学版) , 32, 279-285."
130,"Li YM, Nie CP, Qiu X (2009) Avian diversity in wenfeng park of fuyang city in summer. Journal of Fuyang Teachers College (Natural Science). 26, 33-36.",Paper,"李永民, 聂传朋, & 邱霞. (2009) 阜阳市文峰公园夏季鸟类多样性调查与分析. 阜阳师范学院学报 (自然科学版) , 26, 33-36."
131,"Li YX, Wang W. (2016) Plant Directory of Jiangnan Univeristy. Beijing: Science Press.",Book,"李云侠, 王武. (2016) 江南大学植物名录. 北京: 科学出版社."
132,"Li ZQ, Jin ZM, Yang CW, Zhou HF (2008) Difference in bird diveristy between Mudanfeng Nature Reserve and Mudanjiang city park in summer. Journal of Northeast Forestry University. 36, 47-50.",Paper,"李自亲, 金志民, 杨春文, & 邹红菲. (2008) 牡丹峰自然保护区与牡丹江市公园夏季鸟类多样性比较分析. 东北林业大学学报, 36, 47-47."
133,"Liang C, Liu J, Pan B, Wang N, Yang J, Yang G, & Feng G (2020) Precipitation is the dominant driver for bird species richness, phylogenetic and functional structure in university campuses in northern China, Avian Research, 11, 1-8.",Paper,"Liang C, Liu J, Pan B, Wang N, Yang J, Yang G, & Feng G (2020) Precipitation is the dominant driver for bird species richness, phylogenetic and functional structure in university campuses in northern China, Avian Research, 11, 1-8."
134,"Liang ZA, Du J, Yu YL, Mao AF. (2008) Investigation of birds in campus of Nanyang Normal University. Journal of Nanyang Normal University, 7, 59–62.",Paper,"梁子安, 杜洁, 喻亚丽, & 毛阿凤. (2008). 南阳师范学院校园鸟类调查. 南阳师范学院学报, 7, 59-62."
135,"Liao ZH (2000) Investigation on the Arbor and Bush on the Campus of Shaoguan University. Journal of Shaoguan Univeristy (Natural Science), 21, 87-94.",Paper,"廖朝晖. (2000) 韶关大学校园乔灌木植物调查. 韶关学院学报, 21, 87-94."
136,"Lin KF, Yang PX, et al (2009) Analysis on the current status and arrangement of plants of university campus greening in South China—A case study of Jieyang Vocational and Technical College. GUANGDONG AGRICULTURAL SCIENCES, 11, 58-61, 64.",Paper,"林凯芳, 杨培新, 王长龙, 陈少雄, 唐海溶, & 郑奕雄. (2009). 南方高校校园绿化现状及植物配置效果分析—以揭阳职业技术学院为例. 广东农业科学, 11, 58-61, 64."
137,"Lin Q, Dai F, Liu SM, et al. (2010) Diversity and Configuration of Greening Plant in Shangjie Campus of Fujian Medical University. JOURNAL OF ANHUI AGRICULTURAL SCIENCES, 38, 18996-19000.",Paper,"林琼. (2010) 福建医科大学上街校区校园绿化植物多样性及配置评价. 安徽农业科学, 38, 18996-19000."
138,"Lin SS, Zheng XL, Liu J, Chen YT, Sun YJ (2017) How small flat park attracts birds in urban areas, a case study o Litchi park in Shenzhen. Guangdong Landscape Architecture. 4, 68-73.",Paper,"林石狮, 郑小兰, 刘军, 陈钰婷, & 孙延军. (2017) 城区小型平地公园如何吸引鸟类—以深圳荔枝公园为例. 广东园林, 4, 68-73."
139,"Liu AIL, Peng B,Zhou FF ,Cai T, Zhang PH. (2012) Investigation and Analysis of Campus Plants in Shangqiu University. Modern Agricultural Sciences and Technology, 24, 192-193, 196.",Paper,"刘爱丽, 彭兵, 周方方, 蔡婷, & 张潘华. (2012) 商丘学院园林植物种类调查与分析. 现代农业科技, 24, 192-193, 196."
140,"Liu CL, Cao JW, Wu DQ (2011) Rare and endangered plants in Central South University of Forestry and Technology Arboretum. Journal of Central South University of Forestry & Technology, 31, 97-99, 104.",Paper,"刘春林, 曹基武, & 吴独清. (2011) 中南林业科技大学植物园的珍稀濒危植物. 中南林业科技大学学报, 31, 97-99."
141,"Liu CL, Cheng WK, Wang W, Wang RY, Ji CJ, Zhao C. (2010) Investigation of birds in campus of West Anhui University. Forest By-Product and Speciality in China, 6, 68–71.",Paper,"刘昌利, 程王琨, 王伟, 王润玉, 姬闯将, & 赵偲. (2010). 皖西学院 (本部) 校园鸟类资源的初步调查. 中国林副特产, 6, 68–71."
142,Liu HL (2016) Evaluation on Campus Plant Landscape in Anhui Agricultural University. (Master's thesis). Available from China Integrated Knowledge Resources database. (UDC: S602.4) ,Paper,"刘慧玲. (2016) 安徽农业大学校园植物景观评价. (硕士论文, 安徽农业大学)."
143,"Liu HQ, Zhang YC (2008) Investigation of variety of woody plants in Yanta campus of Shaanxi Normal University. Journal of Shaanxi Normal University (Natural Science Edition), 36, 105-108.",Paper,"刘画奇, & 张迎春. (2008) 陕西师范大学雁塔校区木本植物种类调查. 陕西师范大学学报(自然科学版), 36, 105-108."
144,Liu HT (2009) Research on the landscape Layout and Planting Dispositon of Campus-Based on the case of New Campus of Hubei College of Traditional Chinese Medicine. (Master’s thesis). Available from China Integrated Knowledge Resources database.,Paper,"刘宏涛. (2009) 大学校园绿地规划及植物配置设计研究—以湖北中医学院新校区为例. (硕士论文, 华中农业大学)."
145,Cui XY (2011) Research on the Plant Landscaping of Old University Campus in Chengdu-Take Sichuan University and Southwestern University of Finance and Economics for Example. (Master’s thesis). Available from China Integrated Knowledge Resources database.,Paper,"崔晓洋. (2011) 成都地区高校老校区植物造景研究: 以四川大学、西南财经大学为例. (硕士论文, 西南交通大学)."
146,"Liu XH (2008) Research and Study on Xylophyta in Campus. TAIYUAN SCIENCE AND TECHNOLOGY, 11, 60,62.",Paper,"刘晓红. (2008). 校园木本植物调查研究. 太原科技, 11, 60-60."
147,"Liu XL. (2015) Investigation and Analysis of Plants on the Campus of Weifang Engineering Vocational College. Journal of Weifang Engineering Vocational College, 28, 82-87.",Paper,"刘小林. (2015) 潍坊工程职业学院校园植物调查与分析. 潍坊工程职业学院学报, 28, 82-87."
148,"Liu Y, Li ZP. (2011) Analysis on Campus Communities Structures and Landscape Features of Suqian College. Journal of Anhui Agricultural Sciences, 39, 19248-19251.",Paper,"刘宇,李宗璞. (2011) 宿迁学院校园植物群落结构及景观特点分析. 安徽农业科学, 39, 19248-19251."
149,"Liu ZX (2014) Bird community structure of Changsha and ecological study about Silky Starling (Sturnus sericeus Gmelin). (Master’s thesis). Available from China Integrated Knowledge Resources database. (UDC, 10542).",Paper,"刘子祥. 长沙鸟类群落结构及丝光椋鸟 (Sturnus sericeus Gmelin) 的生态研究. (硕士论文, 湖南师范大学)."
150,"LJ Wang (2012) Research on the relationship between birds diversity and its habitat characteristics in city parks in Beijing (Master’s thesis). Available from China Integrated Knowledge Resources database. (UDC, Q958).",Paper,"王鲁静. (2012) 北京市城区公园鸟类与某生境特征关系的研究. (硕士论文, 北京林业大学)."
151,Luo SR. (2014) The Overview of Hunan University Campus Plants. Changsha: Hunan University Press.,Book,罗素蓉. (2014) 湖南大学校园植物总览. 长沙: 湖南大学出版社.
152,"Luo ZK, Niu JY, Li XY, Zhang WH, Meng LX. (2012) Avian biodiversity in campus of Kaili University, Guizhou province. Journal of Hubei University (Natural Science), 34, 292–297.",Paper,"罗祖奎, 牛俊英, 李性苑, 张文华, & 孟丽霞. (2012). 贵州凯里学院校园鸟类多样性. 湖北大学学报 (自然科学版) , 34, 292-297."
153,"Ma YZ, Tian LM. (2006) An Investigation on Campus Plants in Tang Shan Teachers College. JOURNAL OF TANGSHAN TEACHERS COLLEGE, 28, 14-17.",Paper,"马艳芝 & 田立民. (2006) 唐山师范学院校园植物调查. 唐山师范学院学报, 28, 14-17"
154,"Mao FY. (2012) The research on the plant landscape of Changsha Univeristy Campus. Central South Univeristy of Forestry & Technology, Hunan.",Paper,"毛凤艳. (2012) 长沙高校校园植物造景研究. (硕士论文, 中南林业科技大学)."
155,"Meng HW. (1987) The plant list in Hainan University (Continued Volume 1). Natural science journal of Hainan Univeristy, 5, 115-124. & Meng HW. (1988) The plant list in Hainan University (Continued Volume 2). Natural science journal of Hainan Univeristy, 6, 48-63. & Meng HW. (1988) The plant list in Hainan University (Continued Volume 3). Natural science journal of Hainan Univeristy, 6, 45-59.",Paper,"蒙辉武. (1987) 海南大学校园植物名录(续一)(活植物标本). 海南大学学报(自然科学版), 5, 115-124. & 蒙辉武. (1988). 海南大学校园植物名录(续二)(活植物标本). 海南大学学报(自然科学版), 6, 48-63. & 蒙辉武. (1988) 海南大学校园植物名录(续三)(活植物标本). 海南大学学报(自然科学版), 6, 45-59."
156,"Mu JH (2011) The Survey of Vascular Plants in Wenshan University Campus. Journal of Wenshan Teachers College, 24, 18-23.",Paper,"沐建华. (2011) 文山学院校园维管植物调查与研究. 文山学院学报, 24, 18-23."
157,"Nature Naturalist (2016) Guangzhou University Species List - Plants - Vascular Plants. (Ed.1.) . Location: Guangzhou University, School of Life Sciences.",Research Report,广州大学校园物种名录-植物界-维管植物篇 2016.5.15 第一版. 广州大学生命科学学院 广州大学自然博物爱好者 编制 
158,"Nie Q, Luo ZK, Li XM, Yao YH, Li XY, Li DP (2013) The diversity and seasonal dynamics of birds of Pingguoshan Park of Kaili. Journal of Anhui. Science, 41, 1964-1965, 1968.",Paper,"聂强, 罗祖奎, 李小梅, 姚银花, 李性苑, & 李东平. 凯里市苹果山公园鸟类多样性和季节动态. 安徽农业科学, 41, 1964-1965, 1968."
159,"Ning H, Dai CL (2009) Findings Report on Kinds of the Vascular Plants in the Campus of Hubei University of Education. JOURNAL OF HUBEI UNIVERSITY OF EDUCATION, 26, 29-35.",Paper,"宁华, & 戴长亮. (2009). 关于维管植物物种的调查研究——以湖北第二师范学院(光谷校区)为例. 湖北第二师范学院学报, 026(002), 29-[1]宁华, & 戴长亮. (2009). 关于维管植物物种的调查研究——以湖北第二师范学院(光谷校区)为例. 湖北第二师范学院学报, 026(002), 29-]宁华, & 戴长亮. (2009). 关于维管植物物种的调查研究——以湖北第二师范学院(光谷校区)为例. 湖北第二师范学院学报, 026(002), 29-35.]宁华, & 戴长亮. (2009). 关于维管植物物种的调查研究——以湖北第二师范学院(光谷校区)为例. 湖北第二师范学院学报, 026(002), ]宁华, & 戴长亮. (2009) 关于维管植物物种的调查研究—以湖北第二师范学院(光谷校区)为例. 湖北第二师范学院学报, 26, 29-35."
160,Pei X (2016) Species diveristy and spatial distribution of landscape trees in Zhejiang Univeristy's green space. (Master’s thesis). Available from China Integrated Knowledge Resources database.,Paper,"裴鑫. (2016) 浙江大学校园绿地乔木空间分布及多样性研究. (硕士论文, 浙江大学)."
161,"Peng D, Liu XX, Wang J (2015) The Landscape of Chongqing Campus--Taking the Campus Plants of City College of Science and Technology in Chongqing University as an Example. Architectural Engineering Technology and Design, 5, 1327-1328.",Paper,"彭丹, 刘晓星, & 王俊. (2015) 浅谈重庆校园植物景观-以重庆大学城市科技学院校园植物为例. 建筑工程技术与设计, 5, 1327-1328."
162,"Ping HT (2010) Survey of Plant Species on Hengshui University Campus. JOURNAL OF HENGSHUI UNIVERSITY, 12, 58-61.",Paper,"平海涛. (2010) 衡水学院校园植物种类调查. 衡水学院学报, 12, 58-61."
163,Preliminary Investigation of Plant Community Structure in Huajin campus of Anhui Normal University,Paper,安师大花津校区植物群落结构初步调查
164,"Qi C, Hong SZ, Zhou J. (2014) The Plants in Sun Yat-sen University. Guangzhou: Sun Yat-sen University Press.",Book,齐璨，洪素珍，周杰. (2014) 康乐芳草：中山大学校园植物图谱. 广州: 中山大学出版社.
165,"Qian LS, Qiu YN. (2016) Illustrated Handbook of Plants in USTC. Hefei: University of Science and Technology of China Press.",Book,"钱栎屾, 邱燕宁. (2016) 中国科学技术大学校园植物图鉴. 合肥: 中国科学技术大学出版社."
166,"Qin ZF, Wang WL, Kong QH, Wang Y. (2012) Summer and spring bird species on Qinghai University campus. Journal of Qinghai University (Natural Science Edition), 30, 81–84.",Paper,"覃振峰, 王文利, 孔庆辉, & 王勇. (2012). 青海大学校园 (本部) 春夏季鸟群种类调查. 青海大学学报 (自然科学版), 30, 81-84."
167,"Qiu G, Fu C (2009) Investigation and Evaluation of the Campus Plants in Qishan School District of FJNU. JOURNAL OF FUJIAN FORESTRY SCIENCE AND TECHNOLOGY, 36, 189-195.",Paper,"邱冈, & 傅琛. (2009). 福建师范大学旗山校区校园植物调查与评价. 福建林业科技, 36, 189-195."
168,"Qiu QW, Huang XY (2004) Investigation of plant species in Pu`er University. JOURNAL OF SIMAO TEACHERS' COLLEGE, 20, 19-24.",Paper,"邱其伟, & 黄雪鹰. (2004). 思茅师专校园植物种类调查. 思茅师范高等专科学校学报, 20, 19-24."
169,"Qiu YX, Zhao YP, Li P. (2016) Plant maps of Zhejiang University Zijingang Campus. Hangzhou: Zhejiang University Press.",Book,"邱英雄, 赵云鹏, 李攀浙. (2016) 江大学紫金港植物原色图谱. 杭州: 浙江大学出版社."
170,Qu ML (2016) Study on the Promotion and Reconstruction Design of the First-stage Plant Landscape in Zhongkai University of Agriculture and Engineering Baiyun Campus. (Master’s thesis). Available from China Integrated Knowledge Resources database. ,Paper,"区敏玲. (2016) 仲恺农业工程学院白云校区一期绿化植物景观提升改造设计研究. (硕士论文, 仲恺农业工程学院)."
171,"Quan CC, Fan LK, Huang FY. (2016) Suggestions on Plant Landscape Investigation and Optimization of Xiangshan Campus of China Academy of Art. ZHONGGUO YUANYI WENZHAI, 32, 122-126.",Paper,"全璨璨, 范丽琨, & 黄飞燕. (2016) 中国美术学院象山校区植物景观调查与优化建议. 中国园艺文摘, 32, 122-126."
172,"Ren YH, Gao S, Kang MJ. (2013) Study of the avian diversity in the southern campus of Shandong Agricultural University. Journal of Shandong Agricultural University (Natural Science), 44, 225–230.",Paper,"任月恒, 高爽, & 康明江. (2013). 山东农业大学南校区校园鸟类多样性初步研究. 山东农业大学学报:自然科学版, 44, 225–230."
173,"Rong K (2002) Research on the plant kinds in Hu lunbeir college grounds. JOURNAL OF HULUNBEIR COLLEGE, 1, 70-73, 97.",Paper,"戎可. (2002) 呼伦贝尔学院校区内植物种类调查. 呼伦贝尔学院学报, 1, 70-73+97. "
174,"Shen F, Li ST. (2014) Survey of the birds at Beijing Forestry University in winter. Journal of Green Science and Technology, 6, 127–129.",Paper,"沈芳, & 李斯滕. (2014). 北京林业大学校园冬季鸟类调查. 绿色科技, 6, 127-129."
175,"Shi BL (2014) Investigation and Analysis of Campus Plants and Arrangement in Sanming University. Journal of Green Science and Technology, 8, 24-27.",Paper,"石佰丽. (2014) 三明学院校园植物种类调查与配置分析. 绿色科技, 8, 24-27."
176,"Shi DH, Liu Y. (2016) Identification Manual of Campus Common Plant. Chengdu: Southwest Jiaotong University Press.",Book,"石登红, 刘燕. (2016) 校园常见绿化植物识别手册. 成都: 西南交通大学出版社."
177,"Shi HL (2011) Investigation of plants resource in campus of Qinghai University. Journal of Qinghai University (Natural Science), 29, 52-56,63.",Paper,"史惠兰. (2011). 青海大学植物资源调查分析. 青海大学学报 (自然科学版), 29, 52-56,63."
178,"Shi HL, Bai HT, Wu LZ, Wu ZL, Fu W, Lei Y (2016) The effects of urban space structure on bird diversity in Kunming. Sichuan Journal of Zoology. 35, 774-780.",Paper,"史慧灵, 白皓天, 吴良早, 吴兆录, 傅伟, & 雷苑等. (2016). 昆明城市绿地结构对鸟类多样性的影响. 四川动物, 35, 774-780."
179,Shi S. (2017) Plants map of Hebei Normal Univeristy. Beijing: Publishing House of Electronics industry.,Book,石硕. (2017) 河北师范大学校园花事 (校园植物图谱). 北京: 电子工业出版社.
180,"Shi XD, Han LH, Yuan MK et al. (2008) The Seed Plant Name List in Qujing Normal University and the Evaluation of Rationality in Vegatation Configuration. JOURNAL OF QUJING NORMAL UNIVERSITY, 27, 18-25.",Paper,"施晓东,韩利红,袁明坤,金玲慧 & 张卫.(2008).曲靖师范学院校园种子植物名录及植物配置合理性的分析. 曲靖师范学院学报, 27, 18-25. "
181,"Song ML, Wang HL, Li J (2008) Investigation on Seed Plants in Taiyuan Normal University (south area). JOURNAL OF TAIYUAN NORMAL UNIVERSITY (NATURAL SCIENCE EDITION), 7, 165-167,173",Paper,"宋敏丽, 王惠玲, & 李剑. (2008). 太原师范学院 (南区) 校园种子植物调查. 太原师范学院学报: 自然科学版, 7, 165-167,173."
182,"Su BL. (2009) Index of Woody Species in North Campus of Shenyang University. Journal of Anhui Agriculture Science, 37, 1068 -1070.",Paper,"苏宝玲. (2009) 沈阳大学北校区校园绿化木本植物检索表. 安徽农业科学, 37, 1068-1070."
183,"Su HY. (1994). The plant list in Dali University. Journal of Dali Univeristy, 1, 106-112.",Paper,"苏鸿雁. (1994) 大理师专校园植物名录. 大理大学学报, 1, 106-112."
184,Sun JL. (2015) The Plants in Qufu Normal University. Beijing: Chinese Literature and History Publishing House.,Book,孙金玲. (2015) 中国文史出版社曲园草木. 北京: 中国文史出版社.
185,"Sun XD, Lu Q, Li AL, Yang YQ (2016) Primary study on the relationship between the winter birds community characteristics and Habitat in park of Xingqing Palace in Xi'an. Journal of Liaoning Agricultural Sciences. 6, 13-17.",Paper,"孙晓东, 陆茜, 李爱玲, & 杨亚桥. (2016) 西安兴庆宫公园冬季鸟类群落特征与生境关系研究. 辽宁农业科学, 6, 13-17."
186,"Sun Y, Lu CH, Wang Z, Pan Y, Luo F (2015) Avian community structure and seasonal dynamic in Changguangxi National Urban Wetland Park. Sichuan Journal of Zoology. 34, 541-547.",Paper,"孙勇, 鲁长虎, 王征, 潘扬, & 罗芳. (2015) 长广溪国家城市湿地公园鸟类群落结构及季节动态. 四川动物, 34, 541-547."
187,Survey data,Survey data,调查数据
188,Tao HB (2012) Study on the Plants Landscape Design in Campus of Northeast Agricultural University. (Master’s thesis). Available from China Integrated Knowledge Resources database. ,Paper,"陶洪波. (2012) 东北农业大学校园植物景观设计研究. (硕士论文, 东北农业大学)."
189,"Tong FC (2008) Resource of birds in Tongsha Park in Dongguan city and their conservation. Shandong Forestry Science and Technology. 1, 46-49.",Paper,"佟富春. (2008). 同沙生态公园鸟类资源及其保护. 山东林业科技, 1, 46-49."
190,"Tong FC, Xie ZS, Cui ZX. (2008) Primary investigation of birds in campus of South China Agricultural University. Shandong Forestry Science and Technology, 1, 42–45.",Paper,"佟富春, 谢正生, & 崔兆雪. (2008). 华南农业大学校园鸟类多样性初步调查. 山东林业科技, 1, 42-45."
191,"Tuo Y. (2011) Primary investigation of bird diversity in new campus of Yichun University. Journal of Yichun College, 33, 108–111.",Paper,"庹云. (2011) 宜春学院新校区校园鸟类多样性初步调查. 宜春学院学报, 33, 108-111."
192,"Wang FJ, Pan K, Xiang B et al. (2009) The Plant List of Yunyang Teachers'College. JOURNAL OF YUNYANG TEACHERS COLLEGE, 29, 69-76.",Paper,"王锋尖, 潘坤, 向波, & 曾洁琼. (2009) 郧阳师专校园植物名录. 郧阳师范高等专科学校学报, 29, 69-76."
193,"Wang G, Xu ZG, Wu L, Liao JX, Liu SS, Zhao YL. (2015) Preliminary research and study on bird diversity of Hunan City University in summer. Journal of Hunan City University (Natural Science), 24, 98–101.",Paper,"王耕;徐正刚;吴良;廖嘉欣;刘师师 (2015). 湖南城市学院夏季鸟类多样性初步调查研究. 湖南城市学院学报 (自然科学版), 24, 98-101."
194,Wang GB. (2010) Plant Manual of Tianshui Normal University. Lanzhou: Gansu Children's Publishing House.,Book,王戈博. (2010) 天水师范学院校园植物手册. 兰州: 甘肃少年儿童出版社.
195,"Wang GX, Zhao RN, Zhang N et al., (2015) Investigation into and analysis of characteristics of greening woody plants in the campus of Zhengzhou Normal University. Journal of Zhengzhou Normal Education, 4, 29-34.",Paper,"王国霞, 赵若男, 张宁, 杨玉珍, & 陈丽培. (2015) 郑州师范学院校园绿化木本植物调查与特点分析. 郑州师范教育, 6, 29-34."
196,"Wang GY, Zhai WH. (2014) Rreliminary Investigation on Campus Seed-plants in Changchun Normal University. Journal of Changchun Normal University (Natural Science), 6, 82-85.",Paper,"王光野, & 翟维华. (2014). 长春师范大学校园植物初步调查. 长春师范大学学报, 6, 82-85."
197,"Wang JL, Zhang Tong, Zhang GY. (2014) The Plants in Tsinghua University. Beijing: Peking University Press.",Book,"王菁兰, 张彤, 张贵友.(2014) 水木湛清华—清华大学校园植物. 北京: 北京大学出版社."
198,Wang JM. (2009) Study on plant landscape in the new campus of univeristies in Xi'an. (Master’s thesis). Available from China Integrated Knowledge Resources database. ,Paper,"王金梅. (2009). 西安高校新校区植物造景研究. (硕士论文, 西安建筑科技大学)."
199,"Wang JP et al. (2008) Investigation of the Woody Plant in the Campus of Xinyang Normal University. JOURNAL OF XINYANG NORMAL UNIVERSITY(NATURAL SCIENCE EDITION), 21, 77-82.",Paper,"王金平, 贠冬梅, & 戴启金. (2008). 信阳师范学院校园木本植物资源调查. 信阳师范学院学报: 自然科学版, 21, 77-82."
200,"Wang L (2010) The study on the avian community structure and spatial niche of Guilin parks (Master's thesis). Available from China Integrated Knowledge Resources database. (UDC, Q958).",Paper,"王楼. (2013) 桂林市公园鸟类群落结构及其空间生态位的研究. (硕士论文, 广西师范大学)."
201,"Wang NN, Zhou FD, Huang YR et al (2016) Investigation and analysis of Ningxia University campus landscape plant diversity.Journal of Agricultural Sciences, 37, 92-96.",Paper,"王娜娜, 周奋东, 黄逸汝, 李雪如, 张瑞, & 唐燕. (2016) 宁夏大学校园植物多样性调查与分析. 农业科学研究, 37, 92-96."
202,"Wang T (2016) Research on seasonal dynamice and diversity of avian community in Nanhu wetland park, Hohhot. (Master's thesis). Available from China Integrated Knowledge Resources database. (UDC, 10126).",Paper,"王彤. (2016) 呼和浩特市南湖湿地公园鸟类群落季节动态及多样性研究. (硕士论文, 内蒙古大学)."
203,"Wang XF, Huang SQ. (2012) The Plants of Wuhan University. Beijing: Higher Education Press.",Book,"汪小凡, 黄双全. (2012) 珞珈山植物原色图谱. 北京: 高等教育出版社."
204,"Wang YM, Zhang HR, Wu H, et al. (2015) The Investigation and Analysis of Landscape Plants in Jiangan Campus of Sichuan University. Journal of Anhui Agricultural Sciences, 23, 188-191.",Paper,"王玉梅, 张浩然, 吴华, & 辜彬. (2015) 四川大学江安校区造景植物调查与分析. 安徽农业科学, 23, 188-191."
205,"Wang YR (2014) An Identification Key to Woody Plant Species in Dushuhu Campus in Soochow University. Journal of Anhui Agricultural Sciences, 42, 10459-10461.",Paper,"王艺蓉, 曹兴玉, & 顾福根. (2014) 苏州大学独墅湖校区木本植物分种检索表. 安徽农业科学, 42, 10459-10461."
206,"Wang YS, Lin DZ. (2016) The Plants in Southwest jiaotong Unversity, Emei campus. Chengdu: Southwest Jiaotong University Press.",Book,"王友松, 林代章 (2016) 西南交通大学峨眉校区校园观赏植物. 成都: 西南交通大学出版社."
207,Wang Z (2015) Plant Landscape Evaluation in Colleges and Univerities-Take Shandong Aricultural Univeristy for Example. (Master’s thesis). Available from China Integrated Knowledge Resources database.,Paper,"王钊. (2015) 高校校园植物景观评价—以山东农业大学为例. (硕士论文, 山东农业大学)."
208,"Wang ZH, Wei YQ, Feng CE. (2016) The overview of North Minzu University plants. Yinchuan: Ningxia People's Publishing House.",Book,"王志恒, 魏玉清, 冯翠娥 (2016) 草木关情 (北方民族大学校园植物概览). 银川:宁夏人民出版社."
209,"Wen C, Han D, Li S, Shen XL, Chen W, Wang H, Zhu XJ, Xiao LY, Liu MQ, Lv Z. (2014) Community structure of birds at Yanyuan, Peking University. Acta Scientiarum Naturalium Universitatis Pekinensis, 50, 416–428.",Paper,"闻丞, 韩冬, 李晟, 申小莉, 陈炜, & 王昊等. (2014) 北京大学燕园鸟类组成. 北京大学学报:自然科学版, 50, 416-428."
210,"Wen Q, He BM. (2014) The Plants in Hainan Normal Univeristy. Haikou: Southern Publishing House.",Book,"温强, 何敏碧. (2014) 海南师范大学园林植物图鉴. 海口: 南方出版社."
211,Wen QQ. (2014) Campus Green Space Planning and Garden Planting in China Three Gorges University. Wuhan: Hubei Science & Technology Press.,Book,"问清泉, 杨廷明. (2014) 三峡大学校园绿地规划与园林植物配植. 武汉: 湖北科学技术出版社."
212,Wu D (2016) Investigation and Study on the Woody Plants and Landscape of 3 Universities in Changchun. (Master’s thesis). Available from China Integrated Knowledge Resources database.,Paper,"吴丹. (2016) 长春市3所高校校园木本园林植物与园林景观调查研究. (硕士论文, 吉林农业大学)."
213,"Wu HL, Yang ZC, Jiang Y, Xia FY, Zhang SX. (2016) Study on diversity of birds community on the old town campus of Dali University. Journal of Dali University, 1, 67–74.",Paper,"吴慧琳, 杨正聪, 蒋鋆, 夏丰雨, & 张淑霞. (2016). 大理大学古城校区校园鸟类群落多样性研究. 大理大学学报, 1, 67-74."
214,"Wu J, Tan M, Zeng XH, et al. (2012) A Survey of Higher plants in Beijing Normal University. Journal of Beijing Normal University (Natural Science), 48, 188-194.",Paper,"吴杰, 覃铭, 曾晓华, & 黄丽萍. (2012) 北京师范大学珠海分校校园高等植物资源调查. 北京师范大学学报(自然科学版), 48, 188-194."
215,"Wu T, Jiang YQ, Xu N (2015) Investigation on the Diversity of Woody plants of Chang'an Campus of Shaanxi Normal University. Journal of Anhui Agricultural Sciences, 43, 153-156.",Paper,"吴彤, 蒋延钦, & 许楠. (2015) 陕西师范大学长安校区木本植物多样性调查. 安徽农业科学, 43, 153-156."
216,"Wu XZ, Yang J, Zhu ZS, Li HW (2005) A Preliminary Report on Investigation of Wild Birds in Public Greenbelts in Chengdu City. Sichuan Journal of Zoology, 4, 130-136.",Paper,"吴先智, 杨靖, 朱章顺, & 李洪文. (2005). 成都市区公共绿地野生鸟类调查初报. 四川动物, 4, 130-136."
217,"Xie M, Song LR, He J, Huang YH, Ni QY. (2012) Bird community structure in campus of Sichuan Agricultural University, Yaan. Journal of Sichuan Agricultural University, 30,103–109.",Paper,"解萌, 宋良荣, 何浩, 黄耀华, & 倪庆永. (2012). 四川农业大学雅安校区鸟类群落结构分析. 四川农业大学学报, 30, 103-109."
218,"Xing SS, Xing SL et al. (2012) Investigation and Analysis of the Present Situation of Woody Plants in Tibet University. Beijing Electric Power College, 29, 14-15, 17.",Paper,"邢帅帅, 邢顺林, 次仁旺姆, & 许鹏辉. (2012) 西藏大学拉萨校本部校园木本植物现状调查与分析. 北京电力高等专科学校学报:社会科学版, 29, 14-15,17."
219,"Xu JW, Pan Y. (2010) Researches on the Characteristics and Culturing Managements of Chinese Plums. Heilong jiang Argricultural Sciences, 5, 78-81.",Paper,"许经伟 & 潘莹.(2010) 滨州学院校园园林植物种类及群落结构分析. 黑龙江农业科学, 5, 78-81."
220,"Xu LP, Ye HY, Liu CS et al. (2014). Diversity and Disposition of Garden Plants in Shangjie Campus of Fujian Minjiang University. Journal of Anhui Agricultural Sciences, 9, 2632-2635,2637.",Paper,"徐丽萍,叶海燕,刘晨舒 & 刘剑秋.(2014) 福建闽江学院校园园林植物多样性及其配置分析. 安徽农业科学, 9, 2632-2635+2637. "
221,"Xu QF. (2009) Investigation of the Landscape Trees in the Campus of Chuzhou Vocational Technology College. Anhui Agricultural Science Bulletin, 19, 168-169.",Paper,"涂清芳.(2009) 滁州职业技术学院园林树木种类调查与分析. 安徽农学通报, 19, 168-169."
222,"Xu XF, Nie WX, Liu ZY. (2015) Investigation and Research on Green Plant Species in Chengde City College—Taking Chengde Medical College for Example. Journal of Anhui Agriculture Science, 43, 314-315+319.",Paper,"徐晓芳,聂文鑫,刘泽颖. (2015) 承德市高校绿地植物种类调查与研究—以承德医学院为例.安徽农业科学, 43, 314-315+319."
223,"Xu XX, NI YX, Fu YB et al (2014) Investigation and Analysis on Medicinal Plant Resources in Quanzhou School District of Huaqiao Univeristy. Journal of Huaqiao Univeristy (Natural Science), 35, 430-436.",Paper,"徐先祥, 倪云霞, 付艺冰, 朱秦, 郑文杰, 李琼, 黄应钦, 秦思, 朱亚玲, 张小鸿. (2014) 华侨大学泉州校区药用植物资源调查分析. 华侨大学学报 (自然科学版), 35, 430-436."
224,"Xu ZD, Chen LF (2005) The Present Condition and Plan of Plants Landscape in Jilin Normal University. JILIN NORMAL UNIVERSITY JOURNAL (NATURAL SCIENCE EDITION), 26, 88-89.",Paper,"许志丹, & 陈丽飞. (2005). 吉林师范大学校园植物景观现状与规划. 吉林师范大学学报: 自然科学版, 26, 88-89."
225,"Xu ZH, Gu HY. (2015) The plants in Peking Univeristy. Beijing: Peking University Press. & Liu HJ. (2015) The plants in Peking Univeristy. Beijing: China Science and Technology of China Press.",Book,许智宏. (2015) 燕园草木. 北京: 北京大学出版社. 刘华杰. (2015) 燕园草木补. 北京: 中国科学技术出版社.
226,"Yan N, Gong XM (2011) Investigation of the Landscape Trees in Fuyang Institute of Technology.Vocational Technology, 6, 126-129.",Paper,"闫娜 & 龚雪梅. (2011) 阜阳职业技术学院园林树木资源调查与评价. 职业技术, 6, 126-129."
227,"Yan YF, Su D, Wang HQ. (2009) Investigation of autumn birds in campus of Shangqiu Teachers College. Journal of Shangqiu Teachers College, 25,104–108.",Paper,"闫永峰, 苏东, & 王汉卿. (2009) 商丘师范学院秋季校园鸟类调查. 商丘师范学院学报, 25, 104-108."
228,"Yan YH, Liu BR, He ZX. (2006) Plants in Hunan University of Science and Technology. Changsha: Hunan Science & Technology Press.",Book,"严岳鸿, 刘炳荣, 何祖霞. (2006) 湖南科技大学校园植物. 长沙: 湖南科技大学出版社."
229,"Yang DD, Fan LN, Qin ZJ et al.(2014) Medicinal Plants Resources Investigation on Dallan Campus of Liaoning Univeristy of Traditional Chinese Medicine. Journal of Liaoning University of TCM, 16, 54-57.",Paper,"杨丹丹,樊丽娜,秦泽军,戚晓杰 & 张建逵.(2014) 辽宁中医药大学大连校区药用植物资源调查. 辽宁中医药大学学报, 16, 54-57."
230,"Yang F. (2005) A preliminary research of birds in Xinghu campus of Chongqing University of Arts and Sciences. Journal of Western Chongqing University (Nature Sciences Edition), 4, 42–44.",Paper,"杨帆. (2005) 重庆文理学院星湖校区鸟类调查初报. 渝西学院学报 (自然科学版), 4, 42-44."
231,"Yang L, Li Yi, Li SM. (2017) Plants of North Sichuan Medical College. Journal of Jinggangshan University (Natural Sciences Edition), 38, 51-57.",Paper,"杨兰, 李毅, 李生茂, 魏莹, 陈珍, 张世鹏, 周春阳. (2017) 川北医学院校园植物调查与评价.井冈山大学学报(自然科学版), 38, 51-57."
232,Yang MY (2015) Study on Plants Landscape of the university campus—take the B area of chongqing university as example. (Master’s thesis). Available from China Integrated Knowledge Resources database.,Paper,"杨梦宇. (2015) 大学校园植物景观研究—以重庆大学B区为例. (硕士论文, 重庆大学)."
233,Yang SR. A (2011) Guide to the Campus Plants of National Pingtung University of Science and Technology. Taiwan: National Pingtung University of Science and Technology Press.,Book,楊勝任. (2011) 屏科大校園植物導覽. 台湾: 屏東科技大學.
234,"Yang XJ, Li BC. (2006) The roll on vegetation of the campus of Qiqihar university. JOURNAL OF SCIENCE OF TEACHERS' COLLEGE AND UNIVERSITY, 26, 74-77,109",Paper,"杨晓杰, 李宝才. (2006) 齐齐哈尔大学校园植物名录. 高师理科学刊, 26, 74-77+109."
235,"Yang YL, Wen YL, Lei S, Zhao LZ. (2007) Research on the population density of birds in garden city. Journal of Southwest University for Nationalities (Natural Science Edition), 33, 333–336.",Paper,"杨育林, 文勇立, 雷申, & 赵丽珍. (2007) 城市园林鸟类种群密度研究. 西南民族大学学报 (自然科学版), 33, 333-336."
236,"Yang ZH, Mo XQ. Plants in Tianjin Normal University. Geographic Science Press.",Book,"杨智慧, 莫训强. 天津师大校园植物图谱 (Pdf版第11次出稿 (先行版) .pdf) "
237,"Ye MJ, Wang HM. (2016) A plant catalog in Wenjiang campus of Chengdu Normal University. Journal of Green Science and Technology, 15, 117-121.",Paper,"叶美金, 王厚敏. (2016) 成都师范学院温江校区校园植物名录. 绿色科技, 15, 117-121."
238,"Ye SY, Han Z, Chen SZ (2013) Woody Plant Resources in Jingdezhen University Campus and Its Protection Countermeasures. Jingdezhen Comprehensive College Journal, 28, 26-27, 39.",Paper,"叶水英, 韩柱, 陈素珍. (2013) 景德镇学院校园木本植物资源及其保护对策. 景德镇高专学报, 28, 26-27+39."
239,"Ye SY, Xia TQ, Guo SL. (2013) Primary report on summer birds in new campus of Henan Institute of Education. Journal of Henan Institute of Education (Natural Science Edition), 22, 31–34.",Paper,"叶淑英, 夏铁骑, & 郭书林. (2013) 河南教育学院新校区夏季鸟类初步调查. 河南教育学院学报:自然科学版, 22, 31-34."
240,"Ye X (2016) The effects of urban landscape pattern on bird community structure. (Master's thesis). Available from China Integrated Knowledge Resources database. (UDC, 10269).",Paper,"叶辛. (2016) 城市景观格局对鸟类群落结构的作用机制. (硕士论文, 华东师范大学)."
241,"Yi Lan, Chen Y, Deng J, Tian L, Liu JW (2007) Study on structure and diversity of winter bird community in Wuhan Zhonshan Park. Journal of Hubei Forestry Science and Technology, 2, 27-30 .",Paper,"易兰, 程瑶, 邓军, 田丽, & 刘家武. (2007) 武汉中山公园冬季鸟类群落研究. 湖北林业科技, 2, 27-30."
242,"Yin WB (2000) The plant investigation in Changzhi University. Journal of Changzhi University, 3, 40-42.",Paper,"尹文兵. (2000) 晋东南师专校园植物初步调查. 晋东南师范专科学校学报, 3, 40-42."
243,"Yu JH, Yang WX, Sun YL. (2014). A survey of campus plants in Dingxi Teachers College and suggestions for campus greening. Journal of Agricultural Sciences, 35, 88-93.",Paper,"禹娟红,杨文玺,孙逸来. (2014) 定西师专校园植物调查与校园绿化建议. 农业科学研究, 35, 88-93."
244,"Yu JL, Yu L. (2005) Investigation of vascular plants in Tonghua Normal University. JOURNAL OF TONGHUA TEACHERS COLLEGE, 25, 48-51.",Paper,"于俊林, & 于丽. (2005) 通化师范学院校园维管植物调查. 通化师范学院学报, 25, 48-51."
245,"Yu LZ, Nian SH, Bao SY et al. (2017) Investigation and Analysis of Plants on the Campus of Wannan Medical College. Journal of Yichun University, 39, 93-97",Paper,"喻丽珍, 年四辉, 包淑云,等. (2017) 皖南医学院校园植物资源调查与校园绿化建议. 宜春学院学报, 39, 93-97."
246,"Yu XG, Qiu YC, Zhang XG, et al. (2009) Investigation and Analysis of Garden Plant Resources in Liaocheng University. PRACTICAL FORESTRY TECHNOLOGY, 9, 49-51.",Paper,"于新刚, 邱艳昌, 张现广, 曹兴, & 邢柱东. (2009) 聊城大学校园园林植物资源的调查与分析. 林业实用技术, 9, 49-51."
247,Yuan ZZ. (2016) Study on Planting Situation and Plant Disposition Pattern of Guangdong Peizheng College. (Master’s thesis). Available from China Integrated Knowledge Resources database.,Paper,"袁肇珠. (2016) 广东培正学院绿化现状及植物配置效果研究. (硕士论文, 华南农业大学)."
248,Yun QR. (2014) The Plants in Beijing Forestry University. Beijing: China Forestry Publishing House.,Book,纭七柒. (2014) 北京林业大学校园植物导览手册. 北京: 中国林业出版社.
249,"Zhang DP, Zhang F, Xie SL. (2012) The Plants in Shanxi Univeristy. Taiyuan: Shanxi Science and Technology Press.",Book,"张代平, 张峰, 谢树莲. (2012) 文瀛草木鉴赏. 太原: 山西科学技术出版社."
250,"Zhang F. (2015) The Survey and Analysis on Landscape Plant Resources of Laiwu Vocational and Technical College. Value Engineering, 34, 187-188.",Paper,"张凤. (2015) 高校校园园林植物资源调查与分析. 价值工程, 34, 187-188."
251,"Zhang HT, Hou LJ. (2007) Investigation and analysis of tree species and arrangement on campus of Gansu Agricultural University.",Paper,"张虎天, & 侯丽娟. (2007). 甘肃农业大学校园绿化植物及配置调查分析."
252,"Zhang HX. (2014) Investigation on Green Plants in Shangluo University. Acta Agriculturae Jiangxi, 2, 27-30.",Paper,"张红侠. (2014) 商洛学院绿化植物调查研究. 江西农业学报, 2, 27-30."
253,"Huang FX, Zhang J, Zhou CY, Yang CD. (2015)  Plant Directory of East Campus in Yangtze University. Journal of Yangtze University (Natural Science Edition), 11, 7-14, 18, 4.",Paper,"黄芬肖, 张建, 周存宇, & 杨朝东. (2014) 长江大学东校区校园植物名录. 长江大学学报(自科版), 11, 7-14, 18, 4."
254,Zhang L (2017) Campus culture and the plant landscape design-in Jiangxi Univeristy of finance and economics and Mailu Zone as an example. (Master’s thesis). Available from China Integrated Knowledge Resources database.,Paper,"张璐. (2017) 校园文化与植物景观设计—以江西财经大学麦庐园南区为例. (硕士论文, 江西财经大学)."
255,"Zhang LC, Zhang QL, Wang JY et al. (2016) Flora Investigation and Analysis of Woody Plants in the Campus of Zhengzhou City. Hubei Forestry Science and Technology,45, 17-21.",Paper,"张龙冲, 张秋玲, 王建圆, 杨晓锋, & 李永生. (2016) 郑州市高校校园木本植物区系调查与分析. 湖北林业科技, 45 , 17-21."
256,"Zhang LZ, Yang DY, Liu XX. (2011) Guilin Normal College Plants Investigation. KEXUE SHIDAI, 1, 234-237.",Paper,"张丽珍, 杨冬业, & 刘贤贤. (2011) 桂林师范高等专科学校校园植物物种调查. 科学时代, 1, 234-237."
257,Zhang SF. (2016) The Plants in Party School of the Central Committee of C.P.C. Beijing: Central Party School Press.,Book,张素峰. (2016) 红色学府 大有植物. 北京: 中共中央党校出版社.
258,"Zhang X, Hu YF, Xia RH (2010) An Investigation Report of Woody Plants on the Campus of Huangshan University, JOURNAL OF HUANGSHAN UNIVERSITY, 12, 58-60.",Paper,"张翔, 胡永富, 夏日红. (2010) 黄山学院校园木本植物调查报告. 黄山学院学报, 12, 58-60."
259,"Zhang YF (2015) Study on College Campus Plant Landscape Configuration in Urumqi. Journal of Anhui Agricultural Sciences, 495, 181-186.",Paper,"张亚菲. (2015) 乌鲁木齐市高校校园植物景观配置研究. 安徽农业科学, 495, 181-186."
260,Zhang YS. (2008) A Guide to the Flora of Taida. Taiwan: Taiwan Univeristy Press.,Book,張育森. (2008) 台大自然美: 台大校园植物导览手册. 台灣: 台灣大學出版中心.
261,"Zhao G, Li BS, Wu Ning, Bi JH, Nie B (2011) Survey on birds in Hohhot and its habitat. Journal of Inner Mongolia Normal University (Natural Science Edition), 40, 408-417.",Paper,"赵格日乐图,李百岁,乌宁,毕俊怀,聂奔. (2011) 呼和浩特市区鸟类及其栖息生境调查.内蒙古师范大学学报(自然科学汉文版), 40, 408-411+417."
262,"Zhao H. (2016) Plants of Shandong University, Weihai. Zhengzhou: Henan Science and Technology Press.",Book,赵宏. (2016) 山东大学威海校园植物. 郑州: 河南科学技术出版社. 
263,"Zhao HB, Li LC, Liu DC. (1991) Plans list of Xinjiang Normal University. /Journal of Xinjiang Normal University (NATURAL SCIENCE EDITION), 1, 79-87.",Paper,"赵宏斌,李连成,刘大庆. (1991) 新疆师范大学校园植物名录. 新疆师范大学学报(自然科学版), 1, 79-87."
264,"Zhao HP, Yu JF, Xiao BL, Gu YF. (2011) Initial investigation of birds in campus of Henan University. Journal of Biology, 28, 43–45.",Paper,"赵海鹏, 禹俊锋, 肖保林, & 谷艳芳. (2011).河南大学校园鸟类初步调查. 生物学杂志, 28, 43-45."
265,"Zhao HP, Zhang YG. (2007) Valuation and preliminary analysis of the avifauna in the campus of Southwest University. Journal of Southwest University (Natural Science Edition), 29, 131–136.",Paper,"赵海鹏, & 张耀光. (2007) 西南大学校园鸟类区系与资源初报. 西南大学学报 (自然科学版) , 29, 131-136."
266,"Zhao TT (2007) The Donglu campus of Yunnan Univeristy plant community structure, three-dimensional green biomass. (Master’s thesis). Available from China Integrated Knowledge Resources database. (UDC: Q958) ",Paper,"赵婷婷. (2007) 云南大学东陆园植物群落结构与三维绿量研究. (硕士论文, 西南林学院 西南林业大学)."
267,"Zheng TX, Shi X, Song Q (2013) The Campus Plant Resources Investigation of Capital Normal University. Journal of Capital Normal University (Natural Sciences Edition), 34, 40-45.",Paper,"郑天雄, 施行, 宋侨, 李学东. (2013) 首都师范大学校园植物资源调查. 首都师范大学学报(自然科学版), 34, 40-45."
268,Zhong L (2017) The memory of campus flower -Take plant landscape in Guilin University of Technology Yanshan campus for example. (Master’s thesis). Available from China Integrated Knowledge Resources database. (UDC: TU986) ,Paper,"钟莉. (2017) ""校花""的记忆—以桂林理工大学雁山校区植物景观为例. (硕士论文, 桂林理工大学)."
269,"Zhou XG, Wang DB. (2012) Garden plant investigation on Beihai College of Beihang. University Guangdong Agricultural Sciences, 39, 42-44.",Paper,"周晓果,王道波. (2012) 北京航空航天大学北海学院校园园林植物调查.广东农业科学, 39, 42-44."
270,"Zhu JR, Sun XG. (2015) Investigation of Flowering Plants in West Campus of Hebei Agricultural University. The Journal of Hebei Forestry Science and Technology, 1, 40-43.",Paper,"朱金儒,孙晓光. (2015) 河北农业大学西校区早春开花植物调查研究. 河北林业科技, 1, 40-43."
271,Zi F. (2009) The Plant Guide in Southwest University. Chongqing: Southwest China Normal Univeristy Press.,Book,字发. (2009) 西南大学校园高等植物学习指南. 重庆:西南师范大学出版社.
272,"Zuo LP, Jiao J (2007) Analysis of Species Composition and Diversity of Campus Greenland Communities in Lanzhou. GUANGDONG LANDSCAPE ARCHITECTURE, 29, 44-47.",Paper,"左利萍, 焦健. (2017) 兰州市高校校园绿地群落物种组成及多样性分析. 广东园林, 29, 44-47."
